strikePrice,expiryDate,underlying,identifier,pe_openInterest,pe_changeinOpenInterest,pe_pchangeinOpenInterest,pe_totalTradedVolume,pe_impliedVolatility,pe_lastPrice,pe_change,pe_pChange,pe_totalBuyQuantity,pe_totalSellQuantity,pe_bidQty,pe_bidprice,pe_askQty,pe_askPrice,pe_underlyingValue,ce_openInterest,ce_changeinOpenInterest,ce_pchangeinOpenInterest,ce_totalTradedVolume,ce_impliedVolatility,ce_lastPrice,ce_change,ce_pChange,ce_totalBuyQuantity,ce_totalSellQuantity,ce_bidQty,ce_bidprice,ce_askQty,ce_askPrice,ce_underlyingValue
20400,08-May-2025,NIFTY,OPTIDXNIFTY08-05-2025PE20400.00,53385,23658,79.58421636895751,477242,52.33,1.8,-0.19999999999999996,-9.999999999999998,3608250,237375,3150,1.8,1050,1.85,24346.7,0,0,0,0,0,0,0,0,1650,1650,150,3856.35,150,3971.75,24346.7
20450,08-May-2025,NIFTY,OPTIDXNIFTY08-05-2025PE20450.00,5144,3711,258.9672016748081,107510,51.97,1.9,-0.4500000000000002,-19.148936170212774,342450,39225,75,1.85,27525,1.9,24346.7,0,0,0,0,0,0,0,0,1650,1650,150,3383.75,150,4137.05,24346.7
20500,08-May-2025,NIFTY,OPTIDXNIFTY08-05-2025PE20500.00,47258,18322,63.319048935581975,289224,51.46,1.95,-0.30000000000000004,-13.333333333333336,840075,84000,6150,1.95,525,2,24346.7,0,0,0,0,0,0,0,0,900,900,150,3753.6,150,3877.25,24346.7
20550,08-May-2025,NIFTY,OPTIDXNIFTY08-05-2025PE20550.00,7410,6781,1078.060413354531,82855,50.53,1.85,-0.2999999999999998,-13.953488372093014,137625,9525,1500,1.85,600,2.3,24346.7,0,0,0,0,0,0,0,0,150,150,150,3163.15,150,4772.6,24346.7
20600,08-May-2025,NIFTY,OPTIDXNIFTY08-05-2025PE20600.00,10139,8850,686.5787432117921,112420,50.43,2.05,-0.40000000000000036,-16.32653061224491,330375,18000,2325,2,1800,2.45,24346.7,1,0,0,0,0,3593.65,0,0,1650,1650,150,3653.95,150,3770.25,24346.7
20650,08-May-2025,NIFTY,OPTIDXNIFTY08-05-2025PE20650.00,1917,1745,1014.5348837209302,56577,49.9,2.1,-0.44999999999999973,-17.647058823529402,73875,9975,750,2.1,5400,2.55,24346.7,0,0,0,0,0,0,0,0,150,150,150,3063.3,150,4672.5,24346.7
20700,08-May-2025,NIFTY,OPTIDXNIFTY08-05-2025PE20700.00,2637,1706,183.2438238453276,65103,49.62,2.25,-0.3999999999999999,-15.094339622641506,138825,10425,150,2.3,750,2.45,24346.7,0,0,0,0,0,0,0,0,1650,1650,150,3557.5,150,3672.95,24346.7
20750,08-May-2025,NIFTY,OPTIDXNIFTY08-05-2025PE20750.00,662,455,219.80676328502415,23370,49.42,2.45,-0.1499999999999999,-5.769230769230766,109200,8400,75,2.3,1500,3.15,24346.7,0,0,0,0,0,0,0,0,150,150,150,2963.4,150,4572.45,24346.7
20800,08-May-2025,NIFTY,OPTIDXNIFTY08-05-2025PE20800.00,5653,3938,229.62099125364432,67162,48.54,2.35,-0.44999999999999973,-16.071428571428566,124425,8400,1575,2.35,750,2.5,24346.7,0,0,0,0,0,0,0,0,1650,1650,150,3458,150,3573.65,24346.7
20850,08-May-2025,NIFTY,OPTIDXNIFTY08-05-2025PE20850.00,876,566,182.58064516129033,28567,49.59,3.2,0.3500000000000001,12.280701754385968,100125,21150,525,2.4,6075,3.2,24346.7,0,0,0,0,0,0,0,0,1650,1650,150,3408.8,150,3523.85,24346.7
20900,08-May-2025,NIFTY,OPTIDXNIFTY08-05-2025PE20900.00,3290,1344,69.06474820143885,68752,47.55,2.5,-0.3500000000000001,-12.280701754385968,118350,6975,525,2.6,1275,2.9,24346.7,0,0,0,0,0,0,0,0,1650,1650,150,3359.2,150,3473.9,24346.7
20950,08-May-2025,NIFTY,OPTIDXNIFTY08-05-2025PE20950.00,1400,925,194.73684210526315,30451,47.1,2.6,-0.44999999999999973,-14.754098360655728,94500,8175,75,2.45,4500,3.65,24346.7,0,0,0,0,0,0,0,0,150,150,150,2763.65,150,4372.3,24346.7
21000,08-May-2025,NIFTY,OPTIDXNIFTY08-05-2025PE21000.00,43106,-1482,-3.3237642414999553,282909,46.92,2.85,-0.25,-8.064516129032258,623625,182925,1800,2.8,2850,2.85,24346.7,30,0,0,0,0,3365,0,0,1650,1650,150,3257.4,150,3368.35,24346.7
21050,08-May-2025,NIFTY,OPTIDXNIFTY08-05-2025PE21050.00,826,411,99.03614457831326,27865,46.26,2.85,-0.19999999999999973,-6.55737704918032,115425,6825,75,2.5,4575,3.7,24346.7,1,0,0,0,0,3142.8,0,0,1650,1650,150,3209.25,150,3330.05,24346.7
21100,08-May-2025,NIFTY,OPTIDXNIFTY08-05-2025PE21100.00,5824,4267,274.05266538214516,80760,45.59,2.85,-0.3999999999999999,-12.307692307692305,207300,7050,5400,2.85,1125,3.65,24346.7,0,0,0,0,0,0,0,0,150,150,150,2613.85,150,4222.15,24346.7
21150,08-May-2025,NIFTY,OPTIDXNIFTY08-05-2025PE21150.00,1349,986,271.6253443526171,30216,44.92,2.85,-0.44999999999999973,-13.63636363636363,163800,4950,825,2.9,300,3.7,24346.7,0,0,0,0,0,0,0,0,150,150,150,2563.9,150,4172.1,24346.7
21200,08-May-2025,NIFTY,OPTIDXNIFTY08-05-2025PE21200.00,3249,1789,122.53424657534246,67952,44.53,3,-0.4500000000000002,-13.04347826086957,171525,11625,750,2.9,1125,4.35,24346.7,0,0,0,0,0,0,0,0,150,150,150,2513.95,150,4122.1,24346.7
21250,08-May-2025,NIFTY,OPTIDXNIFTY08-05-2025PE21250.00,1248,979,363.9405204460966,30305,44.11,3.15,-0.3999999999999999,-11.267605633802814,160200,7275,450,2.85,1800,3.8,24346.7,0,0,0,0,0,0,0,0,1650,1650,150,3010.35,150,3121.8,24346.7
21300,08-May-2025,NIFTY,OPTIDXNIFTY08-05-2025PE21300.00,3419,1820,113.82113821138212,56809,43.28,3.05,-0.6500000000000004,-17.567567567567576,221100,3300,1275,3.05,1500,4.55,24346.7,0,0,0,0,0,0,0,0,1650,1650,150,2960.75,150,3079.8,24346.7
21350,08-May-2025,NIFTY,OPTIDXNIFTY08-05-2025PE21350.00,1478,1102,293.0851063829787,35122,43.83,3.85,0.1499999999999999,4.054054054054052,165375,14175,150,3.1,225,3.8,24346.7,1,0,0,0,0,2847.95,0,0,1650,1650,150,2911.6,150,3023.95,24346.7
21400,08-May-2025,NIFTY,OPTIDXNIFTY08-05-2025PE21400.00,5394,-290,-5.1020408163265305,121612,42.65,3.5,-0.3500000000000001,-9.090909090909092,176175,59850,75,3.5,3075,4,24346.7,1,0,0,0,0,2960,0,0,1650,1650,150,2861.9,150,2973.9,24346.7
21450,08-May-2025,NIFTY,OPTIDXNIFTY08-05-2025PE21450.00,1588,1176,285.43689320388347,31809,42.54,3.9,-0.050000000000000266,-1.2658227848101333,164475,23775,675,3,2250,3.95,24346.7,0,0,0,0,0,0,0,0,1650,1650,150,2811.95,150,2922.3,24346.7
21500,08-May-2025,NIFTY,OPTIDXNIFTY08-05-2025PE21500.00,51467,21248,70.31337899996691,265966,41.58,3.7,-0.5499999999999998,-12.94117647058823,271575,80700,1575,3.7,1500,3.8,24346.7,180,-3,-1.639344262295082,11,66.05,2940.3,104.35000000000036,3.6795430102787554,2100,1950,150,2759.9,75,2836.4,24346.7
21550,08-May-2025,NIFTY,OPTIDXNIFTY08-05-2025PE21550.00,1233,633,105.5,38403,41.37,4,-0.2999999999999998,-6.976744186046507,139650,9600,1500,3.45,1050,4.05,24346.7,11,0,0,0,0,2495.35,0.9499999999998181,0.038085311096849664,1650,1650,150,2710.25,150,2824.8,24346.7
21600,08-May-2025,NIFTY,OPTIDXNIFTY08-05-2025PE21600.00,4018,-1579,-28.21154189744506,103291,40.81,4.15,-0.1999999999999993,-4.597701149425271,149850,12300,675,4,1050,4.25,24346.7,351,1,0.2857142857142857,2,0,2749.9,-40.65000000000009,-1.456702083818605,1725,1725,75,2672.05,75,2762.55,24346.7
21650,08-May-2025,NIFTY,OPTIDXNIFTY08-05-2025PE21650.00,709,-170,-19.340159271899886,33663,40,4.25,-0.20000000000000018,-4.494382022471914,128325,8175,1575,4.25,1500,4.7,24346.7,7,0,0,0,0,2396.35,0,0,150,150,150,2064.55,150,3671.45,24346.7
21700,08-May-2025,NIFTY,OPTIDXNIFTY08-05-2025PE21700.00,2525,-2351,-48.21575061525841,73860,39.86,4.5,-0.25,-5.263157894736842,123300,11775,525,4.45,1800,4.85,24346.7,10,0,0,0,0,2626,0,0,1650,1650,150,2564.25,150,2677.65,24346.7
21750,08-May-2025,NIFTY,OPTIDXNIFTY08-05-2025PE21750.00,899,-119,-11.68958742632613,37343,39.39,4.7,-0.14999999999999947,-3.0927835051546286,118200,6750,900,4.7,225,5,24346.7,12,0,0,0,0,2302.2,-36.90000000000009,-1.57752981916122,150,150,150,1964.65,150,3571.35,24346.7
21800,08-May-2025,NIFTY,OPTIDXNIFTY08-05-2025PE21800.00,4446,-2032,-31.367706082124112,88869,39.23,5.2,0.10000000000000053,1.960784313725501,119475,38325,1350,4.9,1800,5.15,24346.7,37,0,0,0,0,2530,0,0,1650,1650,150,2464.85,150,2573.05,24346.7
21850,08-May-2025,NIFTY,OPTIDXNIFTY08-05-2025PE21850.00,1499,211,16.38198757763975,42963,38.17,4.85,-0.5,-9.345794392523366,124200,4575,150,4.8,1800,5.4,24346.7,8,0,0,0,0,2202.15,-2.5,-0.1133966842809516,1650,1650,150,2415.3,150,2523.7,24346.7
21900,08-May-2025,NIFTY,OPTIDXNIFTY08-05-2025PE21900.00,4942,-3503,-41.4801657785672,114059,37.98,5.35,-0.40000000000000036,-6.956521739130441,134025,9450,75,5.3,75,5.6,24346.7,9,0,0,0,0,2468.15,0,0,1650,1650,150,2362.9,150,2475.5,24346.7
21950,08-May-2025,NIFTY,OPTIDXNIFTY08-05-2025PE21950.00,1773,179,11.22961104140527,52672,37.27,5.35,-0.9500000000000002,-15.07936507936508,120975,975,1500,4.85,75,6,24346.7,8,0,0,0,0,2101.55,0.9500000000002728,0.04522517375989112,1650,1650,150,2312.35,750,2430.95,24346.7
22000,08-May-2025,NIFTY,OPTIDXNIFTY08-05-2025PE22000.00,79577,12592,18.798238411584684,461239,37.12,5.95,-0.7000000000000002,-10.526315789473687,527175,193425,75,5.9,750,6,24346.7,608,-2,-0.32786885245901637,16,0,2310,-64,-2.695871946082561,2025,1875,75,2309.5,150,2375.7,24346.7
22050,08-May-2025,NIFTY,OPTIDXNIFTY08-05-2025PE22050.00,1400,-830,-37.219730941704036,64440,36.71,6.3,-0.4500000000000002,-6.66666666666667,30525,1125,1500,5.35,675,6.3,24346.7,4,0,0,0,0,2005.25,-41.549999999999955,-2.0299980457299176,150,0,150,1665,0,0,24346.7
22100,08-May-2025,NIFTY,OPTIDXNIFTY08-05-2025PE22100.00,8252,-6431,-43.79895116801743,145608,35.91,6.2,-1.0999999999999996,-15.068493150684928,42900,9225,900,6.15,1500,6.5,24346.7,22,-5,-18.51851851851852,8,70.15,2427.45,147.44999999999982,6.467105263157887,1500,1500,750,2167.65,750,2273.75,24346.7
22150,08-May-2025,NIFTY,OPTIDXNIFTY08-05-2025PE22150.00,874,-650,-42.650918635170605,52349,35.67,6.8,-0.9500000000000002,-12.258064516129034,21525,5700,300,6.5,1500,7.15,24346.7,6,0,0,0,0,1910.25,2.5499999999999545,0.13366881585154658,0,0,0,0,0,0,24346.7
22200,08-May-2025,NIFTY,OPTIDXNIFTY08-05-2025PE22200.00,10101,-4891,-32.624066168623266,160247,35.07,6.95,-1.6000000000000005,-18.713450292397667,56250,17925,1800,6.95,75,7.25,24346.7,33,0,0,2,73.62,2367.35,204.69999999999982,9.465239405359158,1500,1500,750,2068.25,750,2176.95,24346.7
22250,08-May-2025,NIFTY,OPTIDXNIFTY08-05-2025PE22250.00,2223,477,27.31958762886598,66104,34.7,7.45,-1.7999999999999998,-19.459459459459456,43425,5100,225,6.9,1500,7.7,24346.7,6,0,0,0,0,1813.25,0.20000000000004547,0.011031135379611454,1500,1500,750,2016.2,750,2127.2,24346.7
22300,08-May-2025,NIFTY,OPTIDXNIFTY08-05-2025PE22300.00,9013,-511,-5.365392692146157,151887,34.11,7.65,-2.5,-24.63054187192118,60825,9300,600,7.55,300,7.7,24346.7,135,5,3.8461538461538463,25,0,1919.6,-167.9000000000001,-8.043113772455095,1575,1575,75,2008.35,75,2035.65,24346.7
22350,08-May-2025,NIFTY,OPTIDXNIFTY08-05-2025PE22350.00,2174,-2782,-56.133979015334944,92157,33.77,8.25,-2.8000000000000007,-25.33936651583711,23850,5100,450,7.9,75,8.2,24346.7,7,0,0,0,0,1717.15,-0.75,-0.04365795447930613,1500,1500,750,1917.4,750,2024.05,24346.7
22400,08-May-2025,NIFTY,OPTIDXNIFTY08-05-2025PE22400.00,7327,2371,47.8410008071025,152853,33.22,8.55,-3.3999999999999986,-28.451882845188276,25200,11925,225,8.3,975,8.5,24346.7,57,-1,-1.7241379310344827,29,0,1931.65,-58.44999999999982,-2.9370383397819113,1500,1500,750,1868.15,750,1978.35,24346.7
22450,08-May-2025,NIFTY,OPTIDXNIFTY08-05-2025PE22450.00,1992,833,71.87230371009491,80072,32.81,9.1,-3.8000000000000007,-29.457364341085274,24975,6525,75,8.7,1275,9.2,24346.7,10,-1,-9.090909090909092,2,62.36,2079,168.6500000000001,8.828225194336122,1500,1500,750,1818.2,750,1928.8,24346.7
22500,08-May-2025,NIFTY,OPTIDXNIFTY08-05-2025PE22500.00,39874,4314,12.131608548931384,375466,31.97,8.95,-5.15,-36.52482269503546,920550,104850,1125,8.95,225,9.45,24346.7,863,5,0.5827505827505828,56,0,1842,15.650000000000091,0.8569003750650254,1950,2025,375,1814.1,225,1879.55,24346.7
22550,08-May-2025,NIFTY,OPTIDXNIFTY08-05-2025PE22550.00,2527,2001,380.4182509505703,82266,31.56,9.55,-5.449999999999999,-36.33333333333333,26475,9975,675,9.5,1500,10.35,24346.7,55,-1,-1.7857142857142858,7,62.87,1999.6,195.79999999999995,10.854861958088478,1500,1500,750,1719.6,750,1829.9,24346.7
22600,08-May-2025,NIFTY,OPTIDXNIFTY08-05-2025PE22600.00,7655,-9532,-55.46052248792692,201287,31.02,9.95,-6.350000000000001,-38.95705521472394,74325,13950,1800,10.15,75,10.45,24346.7,160,-99,-38.22393822393823,131,0,1716.25,-83.90000000000009,-4.66072271755132,1650,1725,75,1699.2,75,1750.85,24346.7
22650,08-May-2025,NIFTY,OPTIDXNIFTY08-05-2025PE22650.00,1762,642,57.32142857142857,88325,30.92,11.3,-6.699999999999999,-37.222222222222214,19125,5250,1125,10.2,1050,11.3,24346.7,36,-14,-28,45,0,1630.4,-129.29999999999995,-7.347843382394724,1500,1500,750,1621.8,750,1730.95,24346.7
22700,08-May-2025,NIFTY,OPTIDXNIFTY08-05-2025PE22700.00,8501,-2552,-23.08875418438433,169974,30.24,11.5,-7.600000000000001,-39.79057591623037,55650,11625,75,11.25,150,11.7,24346.7,124,-65,-34.39153439153439,79,0,1608.65,-70.09999999999991,-4.175725986597166,1575,1500,750,1571.7,750,1681.5,24346.7
22750,08-May-2025,NIFTY,OPTIDXNIFTY08-05-2025PE22750.00,3635,2325,177.48091603053436,118509,29.69,12,-9.05,-42.99287410926366,36525,10050,450,11.55,450,12.45,24346.7,9,0,0,0,0,1635,0,0,1500,1500,750,1521.1,750,1627.35,24346.7
22800,08-May-2025,NIFTY,OPTIDXNIFTY08-05-2025PE22800.00,11232,-5826,-34.1540626099191,244273,29.38,13.1,-9.000000000000002,-40.72398190045249,109650,22650,1800,12.55,150,13.1,24346.7,235,-3,-1.2605042016806722,11,36.19,1620,60.200000000000045,3.8594691627131716,1650,1650,75,1478.45,75,1549.35,24346.7
22850,08-May-2025,NIFTY,OPTIDXNIFTY08-05-2025PE22850.00,2794,1260,82.13820078226858,119912,28.67,13.3,-10.05,-43.0406852248394,24075,5100,450,13.3,600,13.7,24346.7,19,-1,-5,1,0,1455,-70.40000000000009,-4.615182902845161,1800,1800,75,1473.15,75,1500.55,24346.7
22900,08-May-2025,NIFTY,OPTIDXNIFTY08-05-2025PE22900.00,10795,1586,17.22228254967966,204124,28.41,14.7,-10.350000000000001,-41.31736526946108,56325,21075,825,14.25,1800,14.65,24346.7,250,-205,-45.05494505494506,260,0,1423.25,4,0.2818389994715519,2250,2250,75,1421.3,75,1441.9,24346.7
22950,08-May-2025,NIFTY,OPTIDXNIFTY08-05-2025PE22950.00,6609,4915,290.1416765053129,94091,27.71,15,-11.95,-44.34137291280148,41550,7575,1875,15,300,15.4,24346.7,29,0,0,13,0,1367.45,-83.04999999999995,-5.725611857980003,1725,1650,75,1354.95,75,1403.95,24346.7
23000,08-May-2025,NIFTY,OPTIDXNIFTY08-05-2025PE23000.00,57016,5997,11.754444422666065,737537,27.36,16.35,-12.849999999999998,-44.006849315068486,257475,188625,3300,16,1725,16.35,24346.7,3600,43,1.208883890919314,968,0,1330,-21.15000000000009,-1.5653332346519697,9900,3825,600,1329.95,225,1341.85,24346.7
23050,08-May-2025,NIFTY,OPTIDXNIFTY08-05-2025PE23050.00,2656,1335,101.05980317940954,107068,26.8,17.15,-13.75,-44.49838187702266,41325,16350,600,16.7,375,17.3,24346.7,68,0,0,0,0,1268.55,0.14999999999986358,0.011825922421938155,1650,1650,150,1227.8,150,1336.15,24346.7
23100,08-May-2025,NIFTY,OPTIDXNIFTY08-05-2025PE23100.00,8709,-1413,-13.959691760521636,201642,26.04,17.4,-16.75,-49.048316251830165,58950,29175,1125,17.45,1050,18.4,24346.7,1320,-24,-1.7857142857142858,272,0,1180.3,-102.85000000000014,-8.015430775825127,16200,3975,150,1230.25,150,1248.6,24346.7
23150,08-May-2025,NIFTY,OPTIDXNIFTY08-05-2025PE23150.00,2973,2059,225.27352297592998,123621,25.65,18.9,-17.4,-47.93388429752066,28800,17100,225,18.95,1125,19.55,24346.7,53,-2,-3.6363636363636362,15,0,1195.75,6.0499999999999545,0.5085315625787975,1800,1800,150,1132,150,1227.65,24346.7
23200,08-May-2025,NIFTY,OPTIDXNIFTY08-05-2025PE23200.00,17734,5024,39.5279307631786,295573,25.19,20.7,-17.45,-45.74049803407602,54150,46050,75,20.3,600,20.7,24346.7,648,-101,-13.484646194926569,311,0,1122,-68.54999999999995,-5.7578430137331456,2625,2250,600,1121.95,600,1190.65,24346.7
23250,08-May-2025,NIFTY,OPTIDXNIFTY08-05-2025PE23250.00,2934,1379,88.68167202572347,118696,24.65,21.5,-19.950000000000003,-48.13027744270205,27900,12225,600,21.25,75,22,24346.7,53,-25,-32.05128205128205,104,0,1091.35,11.949999999999818,1.1070965351120823,2025,2025,375,1073.05,375,1130.35,24346.7
23300,08-May-2025,NIFTY,OPTIDXNIFTY08-05-2025PE23300.00,16711,2173,14.947035355619755,288769,24.15,23,-21.6,-48.4304932735426,105975,65100,675,23,675,23.5,24346.7,2906,-88,-2.9392117568470275,443,0,1044.85,-69.90000000000009,-6.270464229647911,3450,4200,300,1037.15,150,1050.45,24346.7
23350,08-May-2025,NIFTY,OPTIDXNIFTY08-05-2025PE23350.00,4356,1036,31.204819277108435,146401,23.7,24.95,-24.000000000000004,-49.02962206332993,29250,21750,675,24.55,600,25,24346.7,84,-8,-8.695652173913043,87,0,981.15,-0.9500000000000455,-0.09673149373791319,2475,2250,600,970.3,75,1008.4,24346.7
23400,08-May-2025,NIFTY,OPTIDXNIFTY08-05-2025PE23400.00,14594,1514,11.574923547400612,330563,23.17,26.55,-24.099999999999998,-47.581441263573545,44775,56625,675,26,225,26.65,24346.7,589,-173,-22.703412073490814,754,0,929,-34.39999999999998,-3.570687149678221,3375,3000,75,939.1,150,955.8,24346.7
23450,08-May-2025,NIFTY,OPTIDXNIFTY08-05-2025PE23450.00,5001,2869,134.56848030018762,179358,22.56,28,-27.65,-49.685534591194966,28425,35775,1125,27.9,825,28.65,24346.7,77,-11,-12.5,69,0,884.7,-1.8999999999999773,-0.21430182720505045,2475,2550,825,879.55,825,937.25,24346.7
23500,08-May-2025,NIFTY,OPTIDXNIFTY08-05-2025PE23500.00,68730,23304,51.3010170387003,836096,22.09,30.25,-28.6,-48.598130841121495,245250,223575,600,30.25,675,30.9,24346.7,6562,-561,-7.875894988066825,8313,0,851.7,-53.14999999999998,-5.8739017516715455,13575,5925,75,845.9,525,854.85,24346.7
23550,08-May-2025,NIFTY,OPTIDXNIFTY08-05-2025PE23550.00,4590,2646,136.11111111111111,203491,21.58,32.8,-31.050000000000004,-48.62960062646829,24600,26850,600,32.4,225,33.05,24346.7,214,2,0.9433962264150944,160,0,800,-15.549999999999955,-1.906688737661695,3150,3675,375,748.15,600,812.35,24346.7
23600,08-May-2025,NIFTY,OPTIDXNIFTY08-05-2025PE23600.00,26119,6414,32.5501141842172,441870,21.09,35.4,-34.050000000000004,-49.028077753779705,42750,49950,7350,35,975,35.6,24346.7,1192,-126,-9.559939301972685,2421,0,747.7,-59.34999999999991,-7.3539433740164695,4200,3975,75,750.65,150,758.85,24346.7
23650,08-May-2025,NIFTY,OPTIDXNIFTY08-05-2025PE23650.00,7980,5212,188.29479768786126,241139,20.56,38.2,-36.599999999999994,-48.93048128342245,24225,23850,675,37.55,975,38.45,24346.7,172,7,4.242424242424242,722,0,695.7,-26.899999999999977,-3.7226681428176,1875,2550,300,703.6,150,716.25,24346.7
23700,08-May-2025,NIFTY,OPTIDXNIFTY08-05-2025PE23700.00,31355,7945,33.938487825715505,539992,20.13,41.95,-38.599999999999994,-47.920546244568584,45675,88125,150,41,150,41.55,24346.7,1875,-133,-6.623505976095617,3544,0,649.7,-81.34999999999991,-11.127829833800686,4950,5550,150,656.7,150,667.4,24346.7
23750,08-May-2025,NIFTY,OPTIDXNIFTY08-05-2025PE23750.00,6216,3471,126.44808743169399,300558,19.52,44.85,-43.35,-49.14965986394558,36825,29850,675,44.5,975,45.1,24346.7,257,31,13.716814159292035,339,0,599.1,-42.10000000000002,-6.565814098565194,1650,1650,75,606.75,150,654.7,24346.7
23800,08-May-2025,NIFTY,OPTIDXNIFTY08-05-2025PE23800.00,36299,3605,11.026488040619073,760102,19.12,49.75,-43.5,-46.64879356568365,160950,158925,675,48.25,1275,49.15,24346.7,3430,-177,-4.907125034654838,11924,0,564.5,-68.89999999999998,-10.877802336596144,18450,3525,450,564.8,150,570.1,24346.7
23850,08-May-2025,NIFTY,OPTIDXNIFTY08-05-2025PE23850.00,8799,3169,56.287744227353464,349808,18.5,52.9,-48.800000000000004,-47.984267453294,27450,66450,150,52.9,375,53.25,24346.7,320,75,30.612244897959183,1517,0,518.4,-60.55000000000007,-10.458588824596262,6900,4125,300,518.9,225,530.4,24346.7
23900,08-May-2025,NIFTY,OPTIDXNIFTY08-05-2025PE23900.00,22296,6591,41.96752626552053,685739,17.99,58.5,-51.7,-46.91470054446461,51750,81300,600,58,300,58.5,24346.7,2162,-793,-26.835871404399324,10969,0,474.5,-84.29999999999995,-15.085898353614882,8850,5025,300,474.55,150,484,24346.7
23950,08-May-2025,NIFTY,OPTIDXNIFTY08-05-2025PE23950.00,10691,6441,151.5529411764706,452165,17.51,64.5,-56.95,-46.8917249897077,28725,52350,75,63.85,150,64.65,24346.7,890,130,17.105263157894736,5758,0,432.7,-73.05000000000001,-14.443895205140883,112725,2325,75,432.3,150,436.4,24346.7
24000,08-May-2025,NIFTY,OPTIDXNIFTY08-05-2025PE24000.00,90690,30125,49.73994881532238,2139531,17.02,71.25,-59.150000000000006,-45.36042944785276,373950,689250,750,71.25,75,72,24346.7,28619,-1299,-4.341867771909887,112726,7.57,391,-89.55000000000001,-18.63489751326605,84150,37275,150,388.2,75,394.35,24346.7
24050,08-May-2025,NIFTY,OPTIDXNIFTY08-05-2025PE24050.00,9631,4939,105.26427962489343,524545,16.62,79.7,-61.249999999999986,-43.455125931181264,28725,56775,300,79.65,150,80.45,24346.7,1927,1078,126.97290930506479,16976,8.85,350.8,-92.05000000000001,-20.785819126114937,20775,4425,150,348.9,150,353.2,24346.7
24100,08-May-2025,NIFTY,OPTIDXNIFTY08-05-2025PE24100.00,27328,9012,49.202882725485914,1007953,16.24,89.45,-63.8,-41.63132137030995,81900,182775,75,89.45,150,90.5,24346.7,4699,-1087,-18.78672658140339,78442,9.32,310.85,-94.29999999999995,-23.275330124645183,31125,17400,75,308.9,150,312,24346.7
24150,08-May-2025,NIFTY,OPTIDXNIFTY08-05-2025PE24150.00,10907,5678,108.5867278638363,648529,15.98,101.9,-66.69999999999999,-39.561091340450766,43875,59775,150,100.8,75,101.9,24346.7,2907,1395,92.26190476190476,63187,9.37,270.6,-88.54999999999995,-24.655436447166913,35400,4650,150,270.35,150,273,24346.7
24200,08-May-2025,NIFTY,OPTIDXNIFTY08-05-2025PE24200.00,41997,14998,55.55020556316901,1562038,15.69,115.4,-66.65,-36.61082120296622,102975,308625,150,114.3,600,115.4,24346.7,15450,245,1.6113120683985531,371329,9.8,234.3,-100.30000000000001,-29.976090854751945,50475,60825,150,234.5,225,237,24346.7
24250,08-May-2025,NIFTY,OPTIDXNIFTY08-05-2025PE24250.00,16248,8922,121.78542178542179,1065282,15.5,131.85,-71,-35.00123243776189,60525,131100,150,130,225,131.5,24346.7,9368,5783,161.3110181311018,387387,9.77,201.65,-86.9,-30.116097730029455,43800,44775,600,201,225,203.25,24346.7
24300,08-May-2025,NIFTY,OPTIDXNIFTY08-05-2025PE24300.00,63749,24042,60.548517893570406,2668462,15.17,148.4,-69.04999999999998,-31.75442630489767,190650,411375,150,148.4,750,150.15,24346.7,38424,8454,28.20820820820821,1607640,9.96,171.9,-91.74999999999997,-34.799924141854724,239100,253875,150,170.75,1425,171.9,24346.7
24350,08-May-2025,NIFTY,OPTIDXNIFTY08-05-2025PE24350.00,21249,6393,43.03311793214863,1507784,15.11,170.25,-63.650000000000006,-27.212483967507485,88350,90525,150,170.3,1350,172.35,24346.7,25070,12381,97.57270076444165,1223675,10.03,144,-91.4,-38.82752761257434,102075,219675,150,142.35,525,143.95,24346.7
24400,08-May-2025,NIFTY,OPTIDXNIFTY08-05-2025PE24400.00,49558,17673,55.4273169201819,2422829,15.19,195.9,-56.75,-22.46190381951316,129900,138150,75,195.9,600,197.6,24346.7,73796,35293,91.66298729969094,2340666,10.1,119.25,-90.1,-43.0379746835443,150150,701325,150,117.9,525,119.15,24346.7
24450,08-May-2025,NIFTY,OPTIDXNIFTY08-05-2025PE24450.00,11739,9029,333.1734317343173,979775,15.17,222.45,-54.35000000000002,-19.635115606936424,51300,28200,150,223.85,150,225.9,24346.7,31018,24450,372.25943970767355,1308847,10.04,96.1,-84.15,-46.68515950069349,56100,413700,300,96.2,150,97.25,24346.7
24500,08-May-2025,NIFTY,OPTIDXNIFTY08-05-2025PE24500.00,31433,10099,47.33758320052498,1767107,15.68,257.4,-42.450000000000045,-14.15707853926965,124800,65775,600,255,150,257.55,24346.7,98197,62824,177.60438752721,3066719,10.25,79.25,-77.6,-49.47401976410583,253950,1214775,150,78.35,75,78.95,24346.7
24550,08-May-2025,NIFTY,OPTIDXNIFTY08-05-2025PE24550.00,7923,6793,601.1504424778761,634986,16.37,293.2,-40.44999999999999,-12.123482691443128,33150,18375,150,289.2,450,292.9,24346.7,34441,28888,520.2233027192509,1466369,10.37,63,-70.1,-52.6671675432006,77025,600600,750,63,150,63.9,24346.7
24600,08-May-2025,NIFTY,OPTIDXNIFTY08-05-2025PE24600.00,12181,7783,176.96680309231468,682325,16.48,329.85,-34.64999999999998,-9.506172839506167,134100,51450,150,326.4,150,332,24346.7,73808,41799,130.5851479271455,2513975,10.5,51.45,-62.3,-54.769230769230774,251850,1050825,225,51.2,300,51.45,24346.7
24650,08-May-2025,NIFTY,OPTIDXNIFTY08-05-2025PE24650.00,3160,2558,424.9169435215947,145629,17.32,373.1,-30.049999999999955,-7.453801314647143,11850,2850,150,367.45,75,372.35,24346.7,27700,19693,245.94729611589858,1125846,10.69,41.5,-51.8,-55.519828510182215,102450,400575,300,41.4,150,41.9,24346.7
24700,08-May-2025,NIFTY,OPTIDXNIFTY08-05-2025PE24700.00,3338,458,15.902777777777779,162821,17.68,412.15,-4.800000000000011,-1.1512171723228233,28800,13950,150,407.75,1800,415.7,24346.7,52901,23415,79.41056772705691,1847548,10.92,33.75,-44,-56.59163987138264,136650,738225,150,33.35,75,34,24346.7
24750,08-May-2025,NIFTY,OPTIDXNIFTY08-05-2025PE24750.00,992,542,120.44444444444444,34951,18.94,461.7,-11.350000000000023,-2.3993235387379817,13725,3525,150,449.5,150,460,24346.7,27502,20052,269.1543624161074,987914,11.1,27,-38,-58.46153846153847,69600,351750,2400,27,150,27.5,24346.7
24800,08-May-2025,NIFTY,OPTIDXNIFTY08-05-2025PE24800.00,2069,296,16.694867456288776,64708,19.05,500,-3.1499999999999773,-0.6260558481566089,27000,7050,1425,495.4,150,504.3,24346.7,78720,38027,93.44850465682059,2093713,11.38,22.2,-32.150000000000006,-59.153633854645825,223200,1014300,1275,22.15,375,22.3,24346.7
24850,08-May-2025,NIFTY,OPTIDXNIFTY08-05-2025PE24850.00,379,219,136.875,10806,20.68,554.1,1.0500000000000682,0.18985625169515746,8850,2925,75,540.75,300,551.6,24346.7,22288,13224,145.89585172109443,903376,11.63,18.1,-25.4,-58.39080459770115,60150,252900,1800,18.1,150,18.65,24346.7
24900,08-May-2025,NIFTY,OPTIDXNIFTY08-05-2025PE24900.00,1439,822,133.22528363047002,17349,20.91,595,5,0.847457627118644,14100,4725,150,589.6,75,597.85,24346.7,39284,19192,95.52060521600637,1197457,12.02,15.15,-20,-56.899004267425326,145350,417900,525,15.1,150,15.35,24346.7
24950,08-May-2025,NIFTY,OPTIDXNIFTY08-05-2025PE24950.00,235,4,1.7316017316017316,2609,22.01,644.5,15.299999999999955,2.4316592498410605,7950,1950,75,632.8,300,644.4,24346.7,21089,15497,277.1280400572246,761134,12.28,12.7,-15.850000000000001,-55.516637478108585,122025,240375,75,12.5,75,12.9,24346.7
25000,08-May-2025,NIFTY,OPTIDXNIFTY08-05-2025PE25000.00,5096,193,3.936365490516011,31890,22.85,692,17.549999999999955,2.6021202461264665,65400,11925,75,683.2,75,691.95,24346.7,133826,70385,110.94560300121373,2489999,12.52,10.4,-12.9,-55.36480686695279,652500,1527225,75,10.35,600,10.6,24346.7
25050,08-May-2025,NIFTY,OPTIDXNIFTY08-05-2025PE25050.00,148,34,29.82456140350877,733,24.82,749.55,35.549999999999955,4.978991596638648,3825,2100,75,729.5,300,742.2,24346.7,25291,17808,237.97942001870908,622844,12.78,8.6,-9.700000000000001,-53.00546448087432,135600,243075,150,8.6,1200,9,24346.7
25100,08-May-2025,NIFTY,OPTIDXNIFTY08-05-2025PE25100.00,465,126,37.16814159292036,2015,25.59,796.7,49.450000000000045,6.617597858815663,4875,2850,150,778.75,150,788.65,24346.7,49370,23267,89.13534842738383,917938,13.07,7.3,-7.2,-49.6551724137931,379125,433800,75,7.1,150,7.3,24346.7
25150,08-May-2025,NIFTY,OPTIDXNIFTY08-05-2025PE25150.00,24,-16,-40,314,26.2,842.75,9.899999999999977,1.1886894398751247,3750,2175,75,826.6,375,839.4,24346.7,22200,15911,252.9972968675465,520558,13.32,5.75,-5.85,-50.43103448275862,177900,159750,525,5.75,600,6.1,24346.7
25200,08-May-2025,NIFTY,OPTIDXNIFTY08-05-2025PE25200.00,356,-50,-12.31527093596059,804,26.72,888.45,25.350000000000023,2.9370872436565896,57900,2700,150,876.1,75,886.5,24346.7,61962,17803,40.31567743834779,1082445,13.62,5.05,-4.6499999999999995,-47.9381443298969,437475,557850,225,5.05,750,5.1,24346.7
25250,08-May-2025,NIFTY,OPTIDXNIFTY08-05-2025PE25250.00,38,0,0,172,27.95,940,-25.25,-2.6159026159026157,2100,2325,75,920.75,75,950.8,24346.7,22035,14436,189.97236478484012,440268,13.87,4.2,-3.8,-47.5,161700,179700,75,4.05,750,4.2,24346.7
25300,08-May-2025,NIFTY,OPTIDXNIFTY08-05-2025PE25300.00,49,5,11.363636363636363,164,23.47,951.8,-45.30000000000007,-4.543175208103507,1575,1575,75,960.85,75,997.65,24346.7,51002,21433,72.4846968108492,700885,14.24,3.7,-2.7,-42.1875,633825,272550,2250,3.6,1350,3.65,24346.7
25350,08-May-2025,NIFTY,OPTIDXNIFTY08-05-2025PE25350.00,20,2,11.11111111111111,51,30.24,1042,26.600000000000023,2.6196572779200338,1575,1575,75,1015.8,75,1048.6,24346.7,12525,9491,312.8213579433092,272929,14.38,3.25,-2.1500000000000004,-39.81481481481482,156675,105150,1800,2.95,1725,3.25,24346.7
25400,08-May-2025,NIFTY,OPTIDXNIFTY08-05-2025PE25400.00,40,5,14.285714285714286,87,30.99,1090.05,54.049999999999955,5.2171814671814625,2250,2250,150,1072.05,150,1088.75,24346.7,49208,28662,139.50160615204905,553637,14.85,2.75,-1.5499999999999998,-36.04651162790697,779925,208050,3900,2.75,150,2.85,24346.7
25450,08-May-2025,NIFTY,OPTIDXNIFTY08-05-2025PE25450.00,21,0,0,10,37.44,1183.85,43.299999999999955,3.7964140107842668,1575,1575,75,1091.75,75,1161.9,24346.7,19052,15764,479.4403892944039,200475,15.12,2.5,-1.25,-33.33333333333333,144450,111300,75,2.4,7725,2.6,24346.7
25500,08-May-2025,NIFTY,OPTIDXNIFTY08-05-2025PE25500.00,1021,-21,-2.015355086372361,3905,31.83,1182,48,4.232804232804233,5250,6225,225,1174.3,75,1181.7,24346.7,97722,40583,71.02504419048286,792646,15.67,2.25,-1.15,-33.8235294117647,1273350,469050,1875,2.25,3825,2.3,24346.7
25550,08-May-2025,NIFTY,OPTIDXNIFTY08-05-2025PE25550.00,13,0,0,0,0,1213.65,1.050000000000182,0.08659079663534405,1500,1500,750,1184.75,750,1280.15,24346.7,16290,11051,210.93720175606032,221320,15.96,2,-0.75,-27.27272727272727,425325,151800,150,2,1050,2.05,24346.7
25600,08-May-2025,NIFTY,OPTIDXNIFTY08-05-2025PE25600.00,25,16,177.77777777777777,40,31.87,1269.85,1.0499999999999545,0.08275535939470006,1575,1575,75,1268.1,75,1307.3,24346.7,44565,19254,76.06969301884556,354593,16.43,1.9,-0.7000000000000002,-26.923076923076927,1131225,221700,825,1.85,2025,1.9,24346.7
25650,08-May-2025,NIFTY,OPTIDXNIFTY08-05-2025PE25650.00,16,0,0,0,0,1303.15,1.1000000000001364,0.08448216274337671,1500,1500,750,1287.2,750,1377.35,24346.7,10077,5007,98.75739644970415,135058,16.89,1.7,-0.5000000000000002,-22.727272727272734,597000,111975,75,1.65,600,1.8,24346.7
25700,08-May-2025,NIFTY,OPTIDXNIFTY08-05-2025PE25700.00,13,6,85.71428571428571,9,0,1163.3,-166.70000000000005,-12.533834586466169,1500,1575,750,1334.75,75,1404.75,24346.7,48300,24083,99.44666969484247,385895,17.27,1.65,-0.25,-13.157894736842104,1876875,156300,9375,1.65,3975,1.7,24346.7
25750,08-May-2025,NIFTY,OPTIDXNIFTY08-05-2025PE25750.00,6,0,0,0,0,1383.7,0,0,1500,1500,750,1386.65,750,1476.95,24346.7,12093,8370,224.81869460112813,136362,17.69,1.55,-0.30000000000000004,-16.216216216216218,539475,112575,12975,1.55,450,1.65,24346.7
25800,08-May-2025,NIFTY,OPTIDXNIFTY08-05-2025PE25800.00,17,3,21.428571428571427,7,37.91,1485.15,26.75,1.8342018650575973,1575,1575,75,1460.95,75,1503.55,24346.7,67701,37218,122.09428205885247,383532,18.24,1.55,-0.09999999999999987,-6.0606060606060534,1635075,319200,13275,1.55,8550,1.6,24346.7
25850,08-May-2025,NIFTY,OPTIDXNIFTY08-05-2025PE25850.00,16,3,23.076923076923077,31,0,1344.8,-156.45000000000005,-10.421315570358038,1500,1650,750,1486.5,150,1550.55,24346.7,9970,7774,354.0072859744991,105405,18.86,1.6,-0.04999999999999982,-3.0303030303030196,651000,123675,1650,1.5,1050,1.55,24346.7
25900,08-May-2025,NIFTY,OPTIDXNIFTY08-05-2025PE25900.00,25,0,0,0,0,1541.6,0,0,0,0,0,0,0,0,24346.7,45106,21014,87.22397476340694,245195,19.18,1.45,-0.050000000000000044,-3.333333333333336,1779825,240150,44250,1.4,2475,1.45,24346.7
25950,08-May-2025,NIFTY,OPTIDXNIFTY08-05-2025PE25950.00,5,0,0,0,0,1583.05,0,0,0,0,0,0,0,0,24346.7,8882,7360,483.57424441524313,126646,19.56,1.35,-0.1499999999999999,-9.999999999999993,707100,128175,21525,1.35,75,1.5,24346.7
26000,08-May-2025,NIFTY,OPTIDXNIFTY08-05-2025PE26000.00,161,99,159.67741935483872,139,35.13,1650.1,-0.20000000000004547,-0.012119008665093951,5325,2325,75,1670.65,300,1685.3,24346.7,138158,61644,80.56564811668453,784897,20.09,1.35,-0.1499999999999999,-9.999999999999993,3800475,732300,227775,1.3,2625,1.35,24346.7
26050,08-May-2025,NIFTY,OPTIDXNIFTY08-05-2025PE26050.00,9,0,0,0,0,1702.45,0.15000000000009095,0.00881160782471309,1500,1500,750,1682.2,750,1778.65,24346.7,17328,12743,277.928026172301,213504,20.62,1.35,0,0,1474125,222450,150,1.35,7500,1.4,24346.7
26100,08-May-2025,NIFTY,OPTIDXNIFTY08-05-2025PE26100.00,60,0,0,12,49.76,1828.7,28.700000000000045,1.594444444444447,1650,1650,75,1765.9,75,1812.2,24346.7,126666,30589,31.838004933542887,776389,21.15,1.35,0.050000000000000044,3.8461538461538494,7690200,855300,52050,1.3,28350,1.35,24346.7
